metric,mean,mean_ci_lower,mean_ci_upper,var,var_ci_lower,var_ci_upper
steady_state_error,-0.1784826469920467,-0.1927579297297608,-0.164280473592362,7.571478557970152e-05,0.0,0.0
mean_square_error,0.8661009719452102,0.6798927496885934,1.063628140503355,0.010601834000819174,0.0,0.0
overshoot,-0.12121960476970853,-0.1711348373546903,-0.07735424451722105,0.0009542882220123452,0.0,0.0
comfort_time,8573.35379398001,7888.168334790211,9223.574739793037,144657.5175927273,0.0,0.0
energy_consumed,1.719905944105565,1.5446339761911794,1.9136796475110003,0.013029917886188841,0.0,0.0
settling_time,8040.682332662286,7112.873980142332,9035.809895502223,256757.88940322516,0.0,0.0
rise_time,6384.002010671399,5897.469338931271,6897.535810553083,96026.94057722944,0.0,0.0
number_of_oscillations,0.30863529879211693,0.18488464187327824,0.44232853005580275,0.004047207792207792,0.0,0.0
recovery_time,2984.1637935852027,2354.519443132625,3674.8420921881147,160830.15121932363,0.0,0.0
