metric,mean,mean_ci_lower,mean_ci_upper,var,var_ci_lower,var_ci_upper
steady_state_error,-0.10368513730161691,-0.10368955117247597,-0.1036809357430462,3.851464663546626e-12,0.0,0.0
mean_square_error,0.14116298640905905,0.1410797303712892,0.14124718303667697,1.1324570335185575e-09,0.0,0.0
overshoot,-0.09860599486200308,-0.09860724303648438,-0.09860454832089115,4.001144758287507e-13,0.0,0.0
comfort_time,13328.792199712158,13328.117139356855,13329.420663364413,0.07582670995670997,0.0,0.0
energy_consumed,0.9645277810969544,0.9587082776887464,0.9706391101244085,5.467350825968018e-06,0.0,0.0
settling_time,1072.225922863248,1071.5890108691815,1072.9148275146572,0.07582670995670997,0.0,0.0
rise_time,1215.8269162322524,1215.09483775694,1216.6109759306353,0.1014485064935065,0.0,0.0
number_of_oscillations,0.0,0.0,0.0,0.0,0.0,0.0
recovery_time,,,,0.0,0.0,0.0
