metric,mean,mean_ci_lower,mean_ci_upper,var,var_ci_lower,var_ci_upper
steady_state_error,-0.07745550911674064,-0.08063851425988945,-0.07401696264350217,0.004166612898659048,0.0036943242385077003,0.004658428489147895
mean_square_error,0.29710805247368904,0.2964685328787371,0.29776290780611325,0.0006275421960209196,0.0005935813659524348,0.0006640443084020861
overshoot,0.015677126838192796,0.01082588361502427,0.020397423558054645,0.004316967839963112,0.0037237108466638418,0.005038447336765429
comfort_time,11461.362828960939,11454.804797494173,11467.556920295614,87432.94232965252,82813.04334642191,92536.41163637504
energy_consumed,0.847003201273287,0.8400431298004062,0.8539227566137026,0.031216777498112233,0.028378844833827882,0.034538698561515355
