metric,mean,mean_ci_lower,mean_ci_upper,var,var_ci_lower,var_ci_upper
steady_state_error,,,,,,
mean_square_error,0.2262342116453011,0.22433917460124866,0.22864694190431206,0.00013307450551698283,9.620435963049356e-05,0.0002554195528766118
overshoot,0.11668341498771019,0.10799016708635407,0.12708376898115686,0.002989547538185507,0.0005623249293007192,0.007701971297944657
comfort_time,12587.127983944338,12524.420132310872,12626.755557630502,28467.96511814423,6843.851119220763,118993.78173605989
energy_consumed,0.8826691399888305,0.8751642565037627,0.8903430272164363,0.03513239449523057,0.03275342682267801,0.03781514977181095
