metric,mean,mean_ci_lower,mean_ci_upper,var,var_ci_lower,var_ci_upper
steady_state_error,-0.10867474975527028,-0.11319768461058188,-0.10521985947272203,6.250802420210548e-06,0.0,0.0
mean_square_error,0.20653968650505547,0.16685614159813225,0.2670745262976223,0.00036446221971735474,0.0,0.0
overshoot,-0.10531112903424526,-0.11533546986018076,-0.09863697003403986,3.419154198646044e-05,0.0,0.0
comfort_time,12391.665302807798,11926.286989342727,12817.175593522641,71709.40830034633,0.0,0.0
energy_consumed,1.9138491771274813,1.6876006859459987,2.1556093145359476,0.019266360265189093,0.0,0.0
settling_time,3033.1027491735535,2008.2961890760757,4109.77995881013,152608.5469436797,0.0,0.0
rise_time,1665.374050934167,1374.1218706735185,2026.346233577029,50584.05873820344,0.0,0.0
number_of_oscillations,0.0,0.0,0.0,0.0,0.0,0.0
recovery_time,599.4452751279024,241.68599911452188,981.6265431916568,64198.28766183291,0.0,0.0
