metric,mean,mean_ci_lower,mean_ci_upper,var,var_ci_lower,var_ci_upper
steady_state_error,-0.1204040242855311,-0.12335788699610115,-0.11758780654325825,1.0835021021386158e-06,0.0,0.0
mean_square_error,0.31514797875917,0.31438745873510693,0.3159009825216395,7.320450226893524e-08,0.0,0.0
overshoot,-0.01940097357453664,-0.022762814810504184,-0.016060916457366316,2.3346620405490224e-06,0.0,0.0
comfort_time,11244.809954815639,11237.570057171364,11251.927877375148,7.680250584415584,0.0,0.0
energy_consumed,0.9816434090577415,0.9760729335718888,0.9871811328230577,3.743355300287996e-06,0.0,0.0
settling_time,3156.1085216006213,3149.560926573427,3163.6610700978313,7.680250584415584,0.0,0.0
rise_time,4420.483100204845,4401.268775031786,4438.50154932189,38.0857374025974,0.0,0.0
number_of_oscillations,2.660158516988062,1.6396768824609735,3.7147555096418734,0.4760311688311688,0.0,0.0
recovery_time,,,,0.0,0.0,0.0
