metric,mean,mean_ci_lower,mean_ci_upper,var,var_ci_lower,var_ci_upper
steady_state_error,,,,,,
mean_square_error,0.8061822405111675,0.4049660967294081,1.2702611241578101,2.502882130580343,0.11804577677513411,8.546622966763746
overshoot,0.09964689345832224,0.05326168557293446,0.149111347060848,0.031546425996492655,0.004180583385472663,0.08885989963372791
comfort_time,11746.038831722823,11357.966045286783,12110.609055811612,2707562.0114863464,594672.6533030947,6739057.895979473
energy_consumed,1.7283791827193546,1.478319102536333,1.988778249511769,1.1002955784722817,0.42708047623491313,2.1229438710041175
