metric,mean,mean_ci_lower,mean_ci_upper,var,var_ci_lower,var_ci_upper
steady_state_error,0.26424716289005107,0.26361301463841097,0.26489325627172944,9.118882086019567e-08,0.0,0.0
mean_square_error,0.29706834887108324,0.2966995587782694,0.29744420711056746,2.9042570936524522e-08,0.0,0.0
overshoot,0.3284014187205455,0.3271776099665433,0.3296300418493661,1.9979077220671861e-07,0.0,0.0
comfort_time,12560.34831891467,12558.149216641943,12562.323747969203,0.6945981818181819,0.0,0.0
energy_consumed,1.0870190628879817,1.08126053156475,1.0931817523069824,5.094354654660915e-06,0.0,0.0
settling_time,1840.5879191813235,1838.6140672458853,1842.6269224147068,0.6954696103896105,0.0,0.0
rise_time,2097.6431750777,2095.426913320266,2100.2681650420286,0.9096528138528139,0.0,0.0
number_of_oscillations,1.2358576923076923,1.076448135198135,1.403974358974359,0.0034666666666666674,0.0,0.0
recovery_time,,,,0.0,0.0,0.0
