metric,mean,mean_ci_lower,mean_ci_upper,var,var_ci_lower,var_ci_upper
steady_state_error,,,,,,
mean_square_error,0.1833200744232789,0.18000544467911786,0.18720455871563998,0.0012903006884007482,0.0007540971474396595,0.0021623006719511425
overshoot,0.2760858937893014,0.2668724586100126,0.28590586403094337,0.010292144775625222,0.006275386121297818,0.0163906700231663
comfort_time,13140.23417140637,12976.734648539592,13288.548277574699,524764.1956982051,40209.759114675515,1421293.1928403697
energy_consumed,0.9285305007946598,0.9222635052447553,0.9349702970114901,0.028120267005286963,0.02626974597799607,0.03006222113794947
